-- MySQL dump 10.13  Distrib 8.0.15, for Win64 (x86_64)
--
-- Host: 127.0.0.1    Database: sklepinternetowy
-- ------------------------------------------------------
-- Server version	8.0.15

/*!40101 SET @OLD_CHARACTER_SET_CLIENT=@@CHARACTER_SET_CLIENT */;
/*!40101 SET @OLD_CHARACTER_SET_RESULTS=@@CHARACTER_SET_RESULTS */;
/*!40101 SET @OLD_COLLATION_CONNECTION=@@COLLATION_CONNECTION */;
 SET NAMES utf8 ;
/*!40103 SET @OLD_TIME_ZONE=@@TIME_ZONE */;
/*!40103 SET TIME_ZONE='+00:00' */;
/*!40014 SET @OLD_UNIQUE_CHECKS=@@UNIQUE_CHECKS, UNIQUE_CHECKS=0 */;
/*!40014 SET @OLD_FOREIGN_KEY_CHECKS=@@FOREIGN_KEY_CHECKS, FOREIGN_KEY_CHECKS=0 */;
/*!40101 SET @OLD_SQL_MODE=@@SQL_MODE, SQL_MODE='NO_AUTO_VALUE_ON_ZERO' */;
/*!40111 SET @OLD_SQL_NOTES=@@SQL_NOTES, SQL_NOTES=0 */;

--
-- Table structure for table `atrybuty`
--

DROP TABLE IF EXISTS `atrybuty`;
/*!40101 SET @saved_cs_client     = @@character_set_client */;
 SET character_set_client = utf8mb4 ;
CREATE TABLE `atrybuty` (
  `idAtrybuty` int(11) NOT NULL,
  `img_path` varchar(100) DEFAULT NULL,
  `chipset` varchar(100) DEFAULT NULL,
  `socket` varchar(100) DEFAULT NULL,
  `liczba_rdzeni` varchar(100) DEFAULT NULL,
  `liczba_watkow` varchar(100) DEFAULT NULL,
  `czestotliwosc_procesora_min` varchar(100) DEFAULT NULL,
  `czestotliwosc_procesora_max` varchar(100) DEFAULT NULL,
  `czestotliwosc_Mhz` varchar(100) DEFAULT NULL,
  `Zasilanie` varchar(100) DEFAULT NULL,
  `Dlugosc` varchar(100) DEFAULT NULL,
  `szerokosc` varchar(100) DEFAULT NULL,
  `wysokosc` varchar(100) DEFAULT NULL,
  `glebokosc` varchar(100) DEFAULT NULL,
  `moc` varchar(100) DEFAULT NULL,
  `rodzaj` varchar(100) DEFAULT NULL,
  `Cale` varchar(100) DEFAULT NULL,
  `ilosc_RAM_GB` varchar(100) DEFAULT NULL,
  `zlacza` varchar(100) DEFAULT NULL,
  `szyna_danych_bit` varchar(100) DEFAULT NULL,
  `interfejs` varchar(100) DEFAULT NULL,
  `format_dysku` varchar(100) DEFAULT NULL,
  `pojemnosc_GB` varchar(100) DEFAULT NULL,
  `obroty` varchar(100) DEFAULT NULL,
  `szybkosc_odczytu` varchar(100) DEFAULT NULL,
  `szybkosc_zapisu` varchar(100) DEFAULT NULL,
  `standard_pamieci` varchar(100) DEFAULT NULL,
  `ilosc_slotow_pamieci` varchar(100) DEFAULT NULL,
  `czestotliwosc_pamieci_max` varchar(100) DEFAULT NULL,
  `ilosc_pamieci_max` varchar(100) DEFAULT NULL,
  `modularne_okablowanie` varchar(100) DEFAULT NULL,
  `certyfikat_sprawnosci` varchar(100) DEFAULT NULL,
  `napiecie` varchar(100) DEFAULT NULL,
  `chlodzenie` varchar(100) DEFAULT NULL,
  `opoznienie` varchar(100) DEFAULT NULL,
  `liczba_modulow` varchar(100) DEFAULT NULL,
  `kompatybilnosc` varchar(100) DEFAULT NULL,
  `max_dlugosc_GPU` varchar(100) DEFAULT NULL,
  `max_wysokosc_chlodzenia_CPU` varchar(100) DEFAULT NULL,
  `waga` varchar(100) DEFAULT NULL,
  `poziom_halasu` varchar(100) DEFAULT NULL,
  `ilosc_wentylatorow` varchar(100) DEFAULT NULL,
  `sposob_montazu` varchar(100) DEFAULT NULL,
  `Procesor` varchar(100) DEFAULT NULL,
  `Karta_graficzna` varchar(100) DEFAULT NULL,
  `System_operacyjny` varchar(100) DEFAULT NULL,
  `Bateria` varchar(100) DEFAULT NULL,
  `Zastosowanie` varchar(100) DEFAULT NULL,
  `Liczba_stanowisk` varchar(100) DEFAULT NULL,
  `Okres_licencji` varchar(100) DEFAULT NULL,
  `Platforma` varchar(100) DEFAULT NULL,
  `Sklad_pakietu` varchar(200) DEFAULT NULL,
  `Architektura` varchar(100) DEFAULT NULL,
  `Licencja` varchar(100) DEFAULT NULL,
  `Technologia_druku` varchar(100) DEFAULT NULL,
  `Max_format_papieru` varchar(100) DEFAULT NULL,
  `Podajnik_papieru` varchar(100) DEFAULT NULL,
  `Odbiornik_papieru` varchar(100) DEFAULT NULL,
  `Szybkosc_druku` varchar(100) DEFAULT NULL,
  `Max_rozdzielczosc_druku` varchar(100) DEFAULT NULL,
  `Lacznosc` varchar(100) DEFAULT NULL,
  `Rozdzielczosc` varchar(100) DEFAULT NULL,
  `Format_ekranu` varchar(100) DEFAULT NULL,
  `Odswiezanie_ekranu` varchar(100) DEFAULT NULL,
  `Matryca` varchar(100) DEFAULT NULL,
  `Dlugosc_przewodu_zasieg` varchar(100) DEFAULT NULL,
  PRIMARY KEY (`idAtrybuty`)
) ENGINE=InnoDB DEFAULT CHARSET=utf8mb4 COLLATE=utf8mb4_0900_ai_ci;
/*!40101 SET character_set_client = @saved_cs_client */;

--
-- Dumping data for table `atrybuty`
--

LOCK TABLES `atrybuty` WRITE;
/*!40000 ALTER TABLE `atrybuty` DISABLE KEYS */;
INSERT INTO `atrybuty` VALUES (1,'img/procesory/i5-9600k.jpg','z370, z390, h310, b360, h370','1151','6','6','3.7 GHz','4.6 GHz',NULL,NULL,NULL,NULL,NULL,NULL,NULL,NULL,NULL,NULL,NULL,NULL,NULL,NULL,NULL,NULL,NULL,NULL,NULL,NULL,NULL,NULL,NULL,NULL,NULL,NULL,NULL,NULL,NULL,NULL,NULL,NULL,NULL,NULL,NULL,NULL,NULL,NULL,NULL,NULL,NULL,NULL,NULL,NULL,NULL,NULL,NULL,NULL,NULL,NULL,NULL,NULL,NULL,NULL,NULL,NULL,NULL,NULL),(2,'img/procesory/i5-8600k.jpg','z370, z390, h310, b360, h370','1151','6','6','3.6 GHz','4.3 GHz',NULL,NULL,NULL,NULL,NULL,NULL,NULL,NULL,NULL,NULL,NULL,NULL,NULL,NULL,NULL,NULL,NULL,NULL,NULL,NULL,NULL,NULL,NULL,NULL,NULL,NULL,NULL,NULL,NULL,NULL,NULL,NULL,NULL,NULL,NULL,NULL,NULL,NULL,NULL,NULL,NULL,NULL,NULL,NULL,NULL,NULL,NULL,NULL,NULL,NULL,NULL,NULL,NULL,NULL,NULL,NULL,NULL,NULL),(3,'img/procesory/i7-4770k.jpg','z87, z97','1150','4','8','3.5 GHz','3.9 GHz',NULL,NULL,NULL,NULL,NULL,NULL,NULL,NULL,NULL,NULL,NULL,NULL,NULL,NULL,NULL,NULL,NULL,NULL,NULL,NULL,NULL,NULL,NULL,NULL,NULL,NULL,NULL,NULL,NULL,NULL,NULL,NULL,NULL,NULL,NULL,NULL,NULL,NULL,NULL,NULL,NULL,NULL,NULL,NULL,NULL,NULL,NULL,NULL,NULL,NULL,NULL,NULL,NULL,NULL,NULL,NULL,NULL,NULL),(4,'img/procesory/Ryzen7 2700.jpg','a320, b350, b450, x370, x470, x570','AM4','8','16','3.2 GHz','4.1 GHz',NULL,NULL,NULL,NULL,NULL,NULL,NULL,NULL,NULL,NULL,NULL,NULL,NULL,NULL,NULL,NULL,NULL,NULL,NULL,NULL,NULL,NULL,NULL,NULL,NULL,NULL,NULL,NULL,NULL,NULL,NULL,NULL,NULL,NULL,NULL,NULL,NULL,NULL,NULL,NULL,NULL,NULL,NULL,NULL,NULL,NULL,NULL,NULL,NULL,NULL,NULL,NULL,NULL,NULL,NULL,NULL,NULL,NULL),(5,'img/procesory/Ryzen Threadripper 1950x.jpg','x399','TR4','16','32','3.4 GHz','4 GHz',NULL,NULL,NULL,NULL,NULL,NULL,NULL,NULL,NULL,NULL,NULL,NULL,NULL,NULL,NULL,NULL,NULL,NULL,NULL,NULL,NULL,NULL,NULL,NULL,NULL,NULL,NULL,NULL,NULL,NULL,NULL,NULL,NULL,NULL,NULL,NULL,NULL,NULL,NULL,NULL,NULL,NULL,NULL,NULL,NULL,NULL,NULL,NULL,NULL,NULL,NULL,NULL,NULL,NULL,NULL,NULL,NULL,NULL),(6,'img/karty_graficzne/RTX 2070.jpg',NULL,NULL,NULL,NULL,'1.62 GHz','1.74 GHz','14000 MHz',NULL,'280 mm',NULL,NULL,NULL,NULL,NULL,NULL,'8 GB','DisplayPort x3, HDMI x1, USB-C','256-bit',NULL,NULL,NULL,NULL,NULL,NULL,NULL,NULL,NULL,NULL,NULL,NULL,NULL,NULL,NULL,NULL,NULL,NULL,NULL,NULL,NULL,NULL,NULL,NULL,NULL,NULL,NULL,NULL,NULL,NULL,NULL,NULL,NULL,NULL,NULL,NULL,NULL,NULL,NULL,NULL,NULL,NULL,NULL,NULL,NULL,NULL),(7,'img/karty_graficzne/GTX 1060.jpg',NULL,NULL,NULL,NULL,'1.594 GHz','1.809 GHz','8100 MHz',NULL,'277 mm',NULL,NULL,NULL,NULL,NULL,NULL,'6 GB','DisplayPort x3, DVI x1, HDMI x1','192-bit',NULL,NULL,NULL,NULL,NULL,NULL,NULL,NULL,NULL,NULL,NULL,NULL,NULL,NULL,NULL,NULL,NULL,NULL,NULL,NULL,NULL,NULL,NULL,NULL,NULL,NULL,NULL,NULL,NULL,NULL,NULL,NULL,NULL,NULL,NULL,NULL,NULL,NULL,NULL,NULL,NULL,NULL,NULL,NULL,NULL,NULL),(8,'img/karty_graficzne/Radeon RX 570.jpg',NULL,NULL,NULL,NULL,'1.244 GHz','1.255 GHz','7000 MHz',NULL,'232 mm',NULL,NULL,NULL,NULL,NULL,NULL,'4 GB','DisplayPort x3, DVI x1, HDMI x1','256-bit',NULL,NULL,NULL,NULL,NULL,NULL,NULL,NULL,NULL,NULL,NULL,NULL,NULL,NULL,NULL,NULL,NULL,NULL,NULL,NULL,NULL,NULL,NULL,NULL,NULL,NULL,NULL,NULL,NULL,NULL,NULL,NULL,NULL,NULL,NULL,NULL,NULL,NULL,NULL,NULL,NULL,NULL,NULL,NULL,NULL,NULL),(9,'img/karty_graficzne/RTX 2080 Ti.jpg',NULL,NULL,NULL,NULL,'1.35 GHz','1.755 GHz','14000 MHz',NULL,'327 mm',NULL,NULL,NULL,NULL,NULL,NULL,'11 GB','DisplayPort x3, HDMI x1, USB-C','352-bit',NULL,NULL,NULL,NULL,NULL,NULL,NULL,NULL,NULL,NULL,NULL,NULL,NULL,NULL,NULL,NULL,NULL,NULL,NULL,NULL,NULL,NULL,NULL,NULL,NULL,NULL,NULL,NULL,NULL,NULL,NULL,NULL,NULL,NULL,NULL,NULL,NULL,NULL,NULL,NULL,NULL,NULL,NULL,NULL,NULL,NULL),(10,'img/karty_graficzne/Radeon ROG Strix RX Vega.jpg',NULL,NULL,NULL,NULL,'1.297 GHz','1.573 GHz','1600 MHz',NULL,'298 mm',NULL,NULL,NULL,NULL,NULL,NULL,'8 GB','DisplayPort x3, HDMI x1','2048-bit',NULL,NULL,NULL,NULL,NULL,NULL,NULL,NULL,NULL,NULL,NULL,NULL,NULL,NULL,NULL,NULL,NULL,NULL,NULL,NULL,NULL,NULL,NULL,NULL,NULL,NULL,NULL,NULL,NULL,NULL,NULL,NULL,NULL,NULL,NULL,NULL,NULL,NULL,NULL,NULL,NULL,NULL,NULL,NULL,NULL,NULL),(11,'img/plyty_glowne/Z390 Aorus Elite.jpg','z390','1151',NULL,NULL,NULL,NULL,NULL,NULL,NULL,NULL,NULL,NULL,NULL,'ATX',NULL,NULL,NULL,NULL,NULL,NULL,NULL,NULL,NULL,NULL,'DDR4','4','4266 MHz','64 GB',NULL,NULL,NULL,NULL,NULL,NULL,NULL,NULL,NULL,NULL,NULL,NULL,NULL,NULL,NULL,NULL,NULL,NULL,NULL,NULL,NULL,NULL,NULL,NULL,NULL,NULL,NULL,NULL,NULL,NULL,NULL,NULL,NULL,NULL,NULL,NULL),(12,'img/plyty_glowne/Maximus VII Hero.jpg','z97','1150',NULL,NULL,NULL,NULL,NULL,NULL,NULL,NULL,NULL,NULL,NULL,'ATX',NULL,NULL,NULL,NULL,NULL,NULL,NULL,NULL,NULL,NULL,'DDR3','4','3200 MHz','32 GB',NULL,NULL,NULL,NULL,NULL,NULL,NULL,NULL,NULL,NULL,NULL,NULL,NULL,NULL,NULL,NULL,NULL,NULL,NULL,NULL,NULL,NULL,NULL,NULL,NULL,NULL,NULL,NULL,NULL,NULL,NULL,NULL,NULL,NULL,NULL,NULL),(13,'img/plyty_glowne/B450 Tomahawk.jpg','b450','AM4',NULL,NULL,NULL,NULL,NULL,NULL,NULL,NULL,NULL,NULL,NULL,'ATX',NULL,NULL,NULL,NULL,NULL,NULL,NULL,NULL,NULL,NULL,'DDR4','4','3466 MHz','64 GB',NULL,NULL,NULL,NULL,NULL,NULL,NULL,NULL,NULL,NULL,NULL,NULL,NULL,NULL,NULL,NULL,NULL,NULL,NULL,NULL,NULL,NULL,NULL,NULL,NULL,NULL,NULL,NULL,NULL,NULL,NULL,NULL,NULL,NULL,NULL,NULL),(14,'img/plyty_glowne/X399 Taichi.jpg','x399','TR4',NULL,NULL,NULL,NULL,NULL,NULL,NULL,NULL,NULL,NULL,NULL,'ATX',NULL,NULL,NULL,NULL,NULL,NULL,NULL,NULL,NULL,NULL,'DDR4','8','3600 MHz','128 GB',NULL,NULL,NULL,NULL,NULL,NULL,NULL,NULL,NULL,NULL,NULL,NULL,NULL,NULL,NULL,NULL,NULL,NULL,NULL,NULL,NULL,NULL,NULL,NULL,NULL,NULL,NULL,NULL,NULL,NULL,NULL,NULL,NULL,NULL,NULL,NULL),(15,'img/plyty_glowne/Z390 Aorus Xtreme Waterforce 5G.jpg','z390','1151',NULL,NULL,NULL,NULL,NULL,NULL,NULL,NULL,NULL,NULL,NULL,'ATX',NULL,NULL,NULL,NULL,NULL,NULL,NULL,NULL,NULL,NULL,'DDR4','4','4400 MHz','128 GB',NULL,NULL,NULL,NULL,NULL,NULL,NULL,NULL,NULL,NULL,NULL,NULL,NULL,NULL,NULL,NULL,NULL,NULL,NULL,NULL,NULL,NULL,NULL,NULL,NULL,NULL,NULL,NULL,NULL,NULL,NULL,NULL,NULL,NULL,NULL,NULL),(16,'img/zasilacze/Aerocool 500W.jpg',NULL,NULL,NULL,NULL,NULL,NULL,NULL,NULL,NULL,'150','85','140','500W','ATX',NULL,NULL,NULL,NULL,NULL,NULL,NULL,NULL,NULL,NULL,NULL,NULL,NULL,NULL,'Nie','80 Plus Bronze',NULL,NULL,NULL,NULL,NULL,NULL,NULL,NULL,NULL,NULL,NULL,NULL,NULL,NULL,NULL,NULL,NULL,NULL,NULL,NULL,NULL,NULL,NULL,NULL,NULL,NULL,NULL,NULL,NULL,NULL,NULL,NULL,NULL,NULL),(17,'img/zasilacze/be quiet! 600W Pure Power.jpg',NULL,NULL,NULL,NULL,NULL,NULL,NULL,NULL,NULL,'150','86','160','600W','ATX',NULL,NULL,NULL,NULL,NULL,NULL,NULL,NULL,NULL,NULL,NULL,NULL,NULL,NULL,'Pół modularny','80 Plus Silver',NULL,NULL,NULL,NULL,NULL,NULL,NULL,NULL,NULL,NULL,NULL,NULL,NULL,NULL,NULL,NULL,NULL,NULL,NULL,NULL,NULL,NULL,NULL,NULL,NULL,NULL,NULL,NULL,NULL,NULL,NULL,NULL,NULL,NULL),(18,'img/zasilacze/RMX Series 750W Modular.jpg',NULL,NULL,NULL,NULL,NULL,NULL,NULL,NULL,NULL,'150','86','160','750W','ATX',NULL,NULL,NULL,NULL,NULL,NULL,NULL,NULL,NULL,NULL,NULL,NULL,NULL,NULL,'Pół modularny','80 Plus Gold',NULL,NULL,NULL,NULL,NULL,NULL,NULL,NULL,NULL,NULL,NULL,NULL,NULL,NULL,NULL,NULL,NULL,NULL,NULL,NULL,NULL,NULL,NULL,NULL,NULL,NULL,NULL,NULL,NULL,NULL,NULL,NULL,NULL,NULL),(19,'img/zasilacze/Toughpower Grand RGB 850W.jpg',NULL,NULL,NULL,NULL,NULL,NULL,NULL,NULL,NULL,'150','86','160','850W','ATX',NULL,NULL,NULL,NULL,NULL,NULL,NULL,NULL,NULL,NULL,NULL,NULL,NULL,NULL,'W pełni modularny','80 Plus Gold',NULL,NULL,NULL,NULL,NULL,NULL,NULL,NULL,NULL,NULL,NULL,NULL,NULL,NULL,NULL,NULL,NULL,NULL,NULL,NULL,NULL,NULL,NULL,NULL,NULL,NULL,NULL,NULL,NULL,NULL,NULL,NULL,NULL,NULL),(20,'img/zasilacze/PRIME Titanium 1000W.jpg',NULL,NULL,NULL,NULL,NULL,NULL,NULL,NULL,NULL,'150','86','170','1000W','ATX',NULL,NULL,NULL,NULL,NULL,NULL,NULL,NULL,NULL,NULL,NULL,NULL,NULL,NULL,'W pełni modularny','80 Plus Platinum',NULL,NULL,NULL,NULL,NULL,NULL,NULL,NULL,NULL,NULL,NULL,NULL,NULL,NULL,NULL,NULL,NULL,NULL,NULL,NULL,NULL,NULL,NULL,NULL,NULL,NULL,NULL,NULL,NULL,NULL,NULL,NULL,NULL,NULL),(21,'img/pamieci_ram/Vengeance LPX.jpg',NULL,NULL,NULL,NULL,NULL,NULL,'3000 MHz',NULL,NULL,NULL,NULL,NULL,NULL,'DDR4',NULL,'16 GB',NULL,NULL,NULL,NULL,NULL,NULL,NULL,NULL,NULL,NULL,NULL,NULL,NULL,NULL,'1.35','Radiator','CL15','2',NULL,NULL,NULL,NULL,NULL,NULL,NULL,NULL,NULL,NULL,NULL,NULL,NULL,NULL,NULL,NULL,NULL,NULL,NULL,NULL,NULL,NULL,NULL,NULL,NULL,NULL,NULL,NULL,NULL,NULL),(22,'img/pamieci_ram/Predator.jpg',NULL,NULL,NULL,NULL,NULL,NULL,'3333 MHz',NULL,NULL,NULL,NULL,NULL,NULL,'DDR4',NULL,'16 GB',NULL,NULL,NULL,NULL,NULL,NULL,NULL,NULL,NULL,NULL,NULL,NULL,NULL,NULL,'1.35','Radiator','CL16','2',NULL,NULL,NULL,NULL,NULL,NULL,NULL,NULL,NULL,NULL,NULL,NULL,NULL,NULL,NULL,NULL,NULL,NULL,NULL,NULL,NULL,NULL,NULL,NULL,NULL,NULL,NULL,NULL,NULL,NULL),(23,'img/pamieci_ram/Fury.jpg',NULL,NULL,NULL,NULL,NULL,NULL,'1600 MHz',NULL,NULL,NULL,NULL,NULL,NULL,'DDR3',NULL,'8 GB',NULL,NULL,NULL,NULL,NULL,NULL,NULL,NULL,NULL,NULL,NULL,NULL,NULL,NULL,'1.5','Radiator','CL10','2',NULL,NULL,NULL,NULL,NULL,NULL,NULL,NULL,NULL,NULL,NULL,NULL,NULL,NULL,NULL,NULL,NULL,NULL,NULL,NULL,NULL,NULL,NULL,NULL,NULL,NULL,NULL,NULL,NULL,NULL),(24,'img/pamieci_ram/XPG Spectrix D80.jpg',NULL,NULL,NULL,NULL,NULL,NULL,'4133 MHz',NULL,NULL,NULL,NULL,NULL,NULL,'DDR4',NULL,'16 GB',NULL,NULL,NULL,NULL,NULL,NULL,NULL,NULL,NULL,NULL,NULL,NULL,NULL,NULL,'1.4','Wodne','CL19','2',NULL,NULL,NULL,NULL,NULL,NULL,NULL,NULL,NULL,NULL,NULL,NULL,NULL,NULL,NULL,NULL,NULL,NULL,NULL,NULL,NULL,NULL,NULL,NULL,NULL,NULL,NULL,NULL,NULL,NULL),(25,'img/pamieci_ram/Predator RGB.jpg',NULL,NULL,NULL,NULL,NULL,NULL,'3200 MHz',NULL,NULL,NULL,NULL,NULL,NULL,'DDR4',NULL,'16 GB',NULL,NULL,NULL,NULL,NULL,NULL,NULL,NULL,NULL,NULL,NULL,NULL,NULL,NULL,'1.35','Radiator','CL16','2',NULL,NULL,NULL,NULL,NULL,NULL,NULL,NULL,NULL,NULL,NULL,NULL,NULL,NULL,NULL,NULL,NULL,NULL,NULL,NULL,NULL,NULL,NULL,NULL,NULL,NULL,NULL,NULL,NULL,NULL),(26,'img/obudowy_komputerowe/Regnum RG2 Pure Black.jpg',NULL,NULL,NULL,NULL,NULL,NULL,NULL,NULL,NULL,'20.8','44.7','44.1',NULL,'Midi Tower',NULL,NULL,NULL,NULL,NULL,NULL,NULL,NULL,NULL,NULL,NULL,NULL,NULL,NULL,NULL,NULL,NULL,NULL,NULL,NULL,'ATX, Micro ATX, Mini ATX, Mini ITX','38 cm','16 cm','4.5 kg',NULL,NULL,NULL,NULL,NULL,NULL,NULL,NULL,NULL,NULL,NULL,NULL,NULL,NULL,NULL,NULL,NULL,NULL,NULL,NULL,NULL,NULL,NULL,NULL,NULL,NULL),(27,'img/obudowy_komputerowe/Pure Base 600 Window Orange.jpg',NULL,NULL,NULL,NULL,NULL,NULL,NULL,NULL,NULL,'22','47','49.2',NULL,'Midi Tower',NULL,NULL,NULL,NULL,NULL,NULL,NULL,NULL,NULL,NULL,NULL,NULL,NULL,NULL,NULL,NULL,NULL,NULL,NULL,NULL,'ATX, Micro ATX, Mini ITX','42.5 cm','16.5 cm','8.45 kg',NULL,NULL,NULL,NULL,NULL,NULL,NULL,NULL,NULL,NULL,NULL,NULL,NULL,NULL,NULL,NULL,NULL,NULL,NULL,NULL,NULL,NULL,NULL,NULL,NULL,NULL),(28,'img/obudowy_komputerowe/Carbide SPEC-06 RGB.jpg',NULL,NULL,NULL,NULL,NULL,NULL,NULL,NULL,NULL,'21.5','47.4','45.5',NULL,'Midi Tower',NULL,NULL,NULL,NULL,NULL,NULL,NULL,NULL,NULL,NULL,NULL,NULL,NULL,NULL,NULL,NULL,NULL,NULL,NULL,NULL,'ATX, Micro ATX, Mini ITX','37 cm','17 cm','7.8 kg',NULL,NULL,NULL,NULL,NULL,NULL,NULL,NULL,NULL,NULL,NULL,NULL,NULL,NULL,NULL,NULL,NULL,NULL,NULL,NULL,NULL,NULL,NULL,NULL,NULL,NULL),(29,'img/obudowy_komputerowe/Dark Base 700 White Edition.jpg',NULL,NULL,NULL,NULL,NULL,NULL,NULL,NULL,NULL,'24.1','51.9','54.4',NULL,'Midi Tower',NULL,NULL,NULL,NULL,NULL,NULL,NULL,NULL,NULL,NULL,NULL,NULL,NULL,NULL,NULL,NULL,NULL,NULL,NULL,NULL,'ATX, Extended ATX, Mini ATX, Mini ITX','46 cm','18 cm','13.25 kg',NULL,NULL,NULL,NULL,NULL,NULL,NULL,NULL,NULL,NULL,NULL,NULL,NULL,NULL,NULL,NULL,NULL,NULL,NULL,NULL,NULL,NULL,NULL,NULL,NULL,NULL),(30,'img/obudowy_komputerowe/Dark Base PRO 900 Black Rev.2.jpg',NULL,NULL,NULL,NULL,NULL,NULL,NULL,NULL,NULL,'24.3','58.6','57.7',NULL,'Full Tower',NULL,NULL,NULL,NULL,NULL,NULL,NULL,NULL,NULL,NULL,NULL,NULL,NULL,NULL,NULL,NULL,NULL,NULL,NULL,NULL,'ATX, Extended ATX, Mini ITX, XL ATX','47 cm','18.5 cm','14.39 kg',NULL,NULL,NULL,NULL,NULL,NULL,NULL,NULL,NULL,NULL,NULL,NULL,NULL,NULL,NULL,NULL,NULL,NULL,NULL,NULL,NULL,NULL,NULL,NULL,NULL,NULL),(31,'img/chlodzenia_procesora/Grandis 2.jpg',NULL,'1150, 1151, AM4, FM1',NULL,NULL,NULL,NULL,NULL,NULL,NULL,NULL,'159 mm',NULL,NULL,'powietrzne',NULL,NULL,NULL,NULL,NULL,NULL,NULL,NULL,NULL,NULL,NULL,NULL,NULL,NULL,NULL,NULL,NULL,NULL,NULL,NULL,NULL,NULL,NULL,NULL,'25 dBA','2','wertykalny',NULL,NULL,NULL,NULL,NULL,NULL,NULL,NULL,NULL,NULL,NULL,NULL,NULL,NULL,NULL,NULL,NULL,NULL,NULL,NULL,NULL,NULL,NULL),(32,'img/chlodzenia_procesora/Dark Rock 4.jpg',NULL,'1150, 1151, 1156, 2066, AM4, FM1',NULL,NULL,NULL,NULL,NULL,NULL,NULL,NULL,'159.4 mm',NULL,NULL,'powietrzne',NULL,NULL,NULL,NULL,NULL,NULL,NULL,NULL,NULL,NULL,NULL,NULL,NULL,NULL,NULL,NULL,NULL,NULL,NULL,NULL,NULL,NULL,NULL,NULL,'21.4 dBA','1','wertykalny',NULL,NULL,NULL,NULL,NULL,NULL,NULL,NULL,NULL,NULL,NULL,NULL,NULL,NULL,NULL,NULL,NULL,NULL,NULL,NULL,NULL,NULL,NULL),(33,'img/chlodzenia_procesora/Wraith Ripper ARGB.jpg',NULL,'TR4',NULL,NULL,NULL,NULL,NULL,NULL,NULL,NULL,'161 mm',NULL,NULL,'powietrzne',NULL,NULL,NULL,NULL,NULL,NULL,NULL,NULL,NULL,NULL,NULL,NULL,NULL,NULL,NULL,NULL,NULL,NULL,NULL,NULL,NULL,NULL,NULL,NULL,'38 dBA','1','wertykalny',NULL,NULL,NULL,NULL,NULL,NULL,NULL,NULL,NULL,NULL,NULL,NULL,NULL,NULL,NULL,NULL,NULL,NULL,NULL,NULL,NULL,NULL,NULL),(34,'img/chlodzenia_procesora/H100i Platinum.jpg',NULL,'1150, 1151, 1156, AM4, TR4',NULL,NULL,NULL,NULL,NULL,NULL,NULL,NULL,'240 mm',NULL,NULL,'wodne',NULL,NULL,NULL,NULL,NULL,NULL,NULL,NULL,NULL,NULL,NULL,NULL,NULL,NULL,NULL,NULL,NULL,NULL,NULL,NULL,NULL,NULL,NULL,NULL,'37 dBA','2','wertykalny, horyzontalny',NULL,NULL,NULL,NULL,NULL,NULL,NULL,NULL,NULL,NULL,NULL,NULL,NULL,NULL,NULL,NULL,NULL,NULL,NULL,NULL,NULL,NULL,NULL),(35,'img/chlodzenia_procesora/Silent Loop 360mm.jpg',NULL,'1150, 1151, 1156, 1366, 775, AM4, TR4',NULL,NULL,NULL,NULL,NULL,NULL,NULL,NULL,'360 mm',NULL,NULL,'wodne',NULL,NULL,NULL,NULL,NULL,NULL,NULL,NULL,NULL,NULL,NULL,NULL,NULL,NULL,NULL,NULL,NULL,NULL,NULL,NULL,NULL,NULL,NULL,NULL,'34 dBA','3','wertykalny, horyzontalny',NULL,NULL,NULL,NULL,NULL,NULL,NULL,NULL,NULL,NULL,NULL,NULL,NULL,NULL,NULL,NULL,NULL,NULL,NULL,NULL,NULL,NULL,NULL),(36,'img/dyski_twarde/Crucial_mx500.jpg',NULL,NULL,NULL,NULL,NULL,NULL,NULL,NULL,NULL,'70 mm','7 mm','100 mm',NULL,NULL,NULL,NULL,NULL,NULL,'SATA III (6 Gb/s)','2.5','500 GB','Brak głowicy','560 MB/s','510 MB/s',NULL,NULL,NULL,NULL,NULL,NULL,NULL,NULL,NULL,NULL,NULL,NULL,NULL,NULL,NULL,NULL,NULL,NULL,NULL,NULL,NULL,NULL,NULL,NULL,NULL,NULL,NULL,NULL,NULL,NULL,NULL,NULL,NULL,NULL,NULL,NULL,NULL,NULL,NULL,NULL),(37,'img/dyski_twarde/Crucial_p1_m2.jpg',NULL,NULL,NULL,NULL,NULL,NULL,NULL,NULL,NULL,'22 mm','2.38 mm','80 mm',NULL,NULL,NULL,NULL,NULL,NULL,'PCI-Express x4 NVMe','M.2 2280','500 GB','Brak głowicy','1900 MB/s','950 MB/s',NULL,NULL,NULL,NULL,NULL,NULL,NULL,NULL,NULL,NULL,NULL,NULL,NULL,NULL,NULL,NULL,NULL,NULL,NULL,NULL,NULL,NULL,NULL,NULL,NULL,NULL,NULL,NULL,NULL,NULL,NULL,NULL,NULL,NULL,NULL,NULL,NULL,NULL,NULL,NULL),(38,'img/dyski_twarde/Seaggate_barracuda1TB.jpg',NULL,NULL,NULL,NULL,NULL,NULL,NULL,NULL,NULL,'101.6 mm','26.1 mm','146.99 mm',NULL,NULL,NULL,NULL,NULL,NULL,'SATA III (6 Gb/s)','3.5','1000 GB','7200 obr./min.','182.04 MB/s','181.62 MB/s',NULL,NULL,NULL,NULL,NULL,NULL,NULL,NULL,NULL,NULL,NULL,NULL,NULL,NULL,NULL,NULL,NULL,NULL,NULL,NULL,NULL,NULL,NULL,NULL,NULL,NULL,NULL,NULL,NULL,NULL,NULL,NULL,NULL,NULL,NULL,NULL,NULL,NULL,NULL,NULL),(39,'img/dyski_twarde/WD_blue.jpg',NULL,NULL,NULL,NULL,NULL,NULL,NULL,NULL,NULL,'100.2 mm','7 mm','100.2 mm',NULL,NULL,NULL,NULL,NULL,NULL,'SATA III (6 Gb/s)','2.5','500 GB','5400 obr./min.','162.04 MB/s','161.62 MB/s',NULL,NULL,NULL,NULL,NULL,NULL,NULL,NULL,NULL,NULL,NULL,NULL,NULL,NULL,NULL,NULL,NULL,NULL,NULL,NULL,NULL,NULL,NULL,NULL,NULL,NULL,NULL,NULL,NULL,NULL,NULL,NULL,NULL,NULL,NULL,NULL,NULL,NULL,NULL,NULL),(40,'img/dyski_twarde/Samsung_evo860.jpg',NULL,NULL,NULL,NULL,NULL,NULL,NULL,NULL,NULL,'100 mm','6.8 mm','69.85 mm',NULL,NULL,NULL,NULL,NULL,NULL,'SATA II (3 Gb/s) SATA III (6 Gb/s)','2.5','1000 GB','Brak głowicy','500-699 MB/s','500-599 MB/s',NULL,NULL,NULL,NULL,NULL,NULL,NULL,NULL,NULL,NULL,NULL,NULL,NULL,NULL,NULL,NULL,NULL,NULL,NULL,NULL,NULL,NULL,NULL,NULL,NULL,NULL,NULL,NULL,NULL,NULL,NULL,NULL,NULL,NULL,NULL,NULL,NULL,NULL,NULL,NULL),(41,'img/laptopy/asusu_vivobook.jpg',NULL,NULL,'',NULL,'','','',NULL,NULL,'','','',NULL,NULL,'15,6','8 GB',NULL,NULL,NULL,NULL,'SSD M.2 256 GB   HDD 1000 GB',NULL,NULL,NULL,'',NULL,NULL,'',NULL,NULL,NULL,NULL,NULL,NULL,NULL,NULL,NULL,'1,90 kg',NULL,NULL,NULL,'Intel Core i7-8750H (6 rdzeni, od 2.20 GHz do 4.10 GHz)','NVIDIA GeForce GTX 1050','Microsoft Windows 10 Home PL 64 bit','3-komorowa, 4165 mAh',NULL,NULL,NULL,NULL,NULL,NULL,NULL,NULL,NULL,NULL,NULL,NULL,NULL,NULL,NULL,NULL,NULL,NULL,NULL),(42,'img/laptopy/lenovo_v330.jpg',NULL,NULL,'',NULL,'','','',NULL,NULL,'','','',NULL,NULL,'15,6','8 GB',NULL,NULL,NULL,NULL,'SSD M.2 256 GB ',NULL,NULL,NULL,'',NULL,NULL,'',NULL,NULL,NULL,NULL,NULL,NULL,NULL,NULL,NULL,'1,91 kg',NULL,NULL,NULL,'Intel Core i5-8250U (4 rdzenie, od 1.6 GHz do 3.4 GHz)','Intel UHD Graphics 620','Microsoft Windows 10 Home PL 64 bit','2-komorowa, 4030 mAh',NULL,NULL,NULL,NULL,NULL,NULL,NULL,NULL,NULL,NULL,NULL,NULL,NULL,NULL,NULL,NULL,NULL,NULL,NULL),(43,'img/laptopy/hp_pavilion.jpg',NULL,NULL,'',NULL,'','','',NULL,NULL,'','','',NULL,NULL,'15,6','8 GB',NULL,NULL,NULL,NULL,'SSD M.2 256 GB',NULL,NULL,NULL,'',NULL,NULL,'',NULL,NULL,NULL,NULL,NULL,NULL,NULL,NULL,NULL,'1,78 kg',NULL,NULL,NULL,'Intel Core i5-8250U (4 rdzenie, od 1.6 GHz do 3.4 GHz)','NVIDIA GeForce MX150','Microsoft Windows 10 Home PL 64 bit','3-komorowa, 3630 mAh',NULL,NULL,NULL,NULL,NULL,NULL,NULL,NULL,NULL,NULL,NULL,NULL,NULL,NULL,NULL,NULL,NULL,NULL,NULL),(44,'img/laptopy/msi_p65.jpg',NULL,NULL,'',NULL,'','','',NULL,NULL,'','','',NULL,NULL,'15,6','16 GB',NULL,NULL,NULL,NULL,'SSD M.2 512 GB',NULL,NULL,NULL,'',NULL,NULL,'',NULL,NULL,NULL,NULL,NULL,NULL,NULL,NULL,NULL,'1,83 kg',NULL,NULL,NULL,'Intel Core i7-8750H (6 rdzeni, od 2.20 GHz do 4.10 GHz)','NVIDIA GeForce GTX 1070 Max-Q','Microsoft Windows 10 Home PL 64 bit','4-komorowa, 5280 mAh',NULL,NULL,NULL,NULL,NULL,NULL,NULL,NULL,NULL,NULL,NULL,NULL,NULL,NULL,NULL,NULL,NULL,NULL,NULL),(45,'img/laptopy/macbookpro.jpg',NULL,NULL,'',NULL,'','','',NULL,NULL,'','','',NULL,NULL,'15,4','16 GB',NULL,NULL,NULL,NULL,'SSD M.2 512 GB',NULL,NULL,NULL,'',NULL,NULL,'',NULL,NULL,NULL,NULL,NULL,NULL,NULL,NULL,NULL,'1,83 kg',NULL,NULL,NULL,'Intel Core i9 9. gen. (8 rdzeni, od 2.3 GHz do 4.8 GHz)','AMD Radeon Pro 560X','macOS Mojave','83,6 Wh',NULL,NULL,NULL,NULL,NULL,NULL,NULL,NULL,NULL,NULL,NULL,NULL,NULL,NULL,NULL,NULL,NULL,NULL,NULL),(46,'img/antywirusy/norton.jpg',NULL,NULL,NULL,NULL,NULL,NULL,NULL,NULL,NULL,NULL,NULL,NULL,NULL,NULL,NULL,NULL,NULL,NULL,NULL,NULL,NULL,NULL,NULL,NULL,NULL,NULL,NULL,NULL,NULL,NULL,NULL,NULL,NULL,NULL,NULL,NULL,NULL,NULL,NULL,NULL,NULL,NULL,NULL,NULL,NULL,'Do domu i firmy','1','12 miesięcy','Windows',NULL,NULL,'OEM',NULL,NULL,NULL,NULL,NULL,NULL,NULL,NULL,NULL,NULL,NULL,NULL),(47,'img/antywirusy/kaspersky.jpg',NULL,NULL,NULL,NULL,NULL,NULL,NULL,NULL,NULL,NULL,NULL,NULL,NULL,NULL,NULL,NULL,NULL,NULL,NULL,NULL,NULL,NULL,NULL,NULL,NULL,NULL,NULL,NULL,NULL,NULL,NULL,NULL,NULL,NULL,NULL,NULL,NULL,NULL,NULL,NULL,NULL,NULL,NULL,NULL,NULL,'Do domu','1','12 miesięcy','Windows',NULL,NULL,'BOX',NULL,NULL,NULL,NULL,NULL,NULL,NULL,NULL,NULL,NULL,NULL,NULL),(48,'img/antywirusy/eset.jpg',NULL,NULL,NULL,NULL,NULL,NULL,NULL,NULL,NULL,NULL,NULL,NULL,NULL,NULL,NULL,NULL,NULL,NULL,NULL,NULL,NULL,NULL,NULL,NULL,NULL,NULL,NULL,NULL,NULL,NULL,NULL,NULL,NULL,NULL,NULL,NULL,NULL,NULL,NULL,NULL,NULL,NULL,NULL,NULL,NULL,'Do domu i firmy','1','12 miesięcy','Windows',NULL,NULL,'BOX',NULL,NULL,NULL,NULL,NULL,NULL,NULL,NULL,NULL,NULL,NULL,NULL),(49,'img/antywirusy/mcAfee.jpg',NULL,NULL,NULL,NULL,NULL,NULL,NULL,NULL,NULL,NULL,NULL,NULL,NULL,NULL,NULL,NULL,NULL,NULL,NULL,NULL,NULL,NULL,NULL,NULL,NULL,NULL,NULL,NULL,NULL,NULL,NULL,NULL,NULL,NULL,NULL,NULL,NULL,NULL,NULL,NULL,NULL,NULL,NULL,NULL,NULL,'Do domu i firmy','1','12 miesięcy','Windows macOS Android ',NULL,NULL,'BOX',NULL,NULL,NULL,NULL,NULL,NULL,NULL,NULL,NULL,NULL,NULL,NULL),(50,'img/antywirusy/bitdefender.jpg',NULL,NULL,NULL,NULL,NULL,NULL,NULL,NULL,NULL,NULL,NULL,NULL,NULL,NULL,NULL,NULL,NULL,NULL,NULL,NULL,NULL,NULL,NULL,NULL,NULL,NULL,NULL,NULL,NULL,NULL,NULL,NULL,NULL,NULL,NULL,NULL,NULL,NULL,NULL,NULL,NULL,NULL,NULL,NULL,NULL,'Do domu','1','12 miesięcy','Windows macOS Android iOS ',NULL,NULL,'OEM',NULL,NULL,NULL,NULL,NULL,NULL,NULL,NULL,NULL,NULL,NULL,NULL),(51,'img/biurowe/office_standard.jpg',NULL,NULL,NULL,NULL,NULL,NULL,NULL,NULL,NULL,NULL,NULL,NULL,NULL,NULL,NULL,NULL,NULL,NULL,NULL,NULL,NULL,NULL,NULL,NULL,NULL,NULL,NULL,NULL,NULL,NULL,NULL,NULL,NULL,NULL,NULL,NULL,NULL,NULL,NULL,NULL,NULL,NULL,NULL,NULL,NULL,'Dla instytucji edukacyjnych','1','Dożywotnia','Windows','Word Excel PowerPoint Outlook OneNote Publisher',NULL,'OEM',NULL,NULL,NULL,NULL,NULL,NULL,NULL,NULL,NULL,NULL,NULL,NULL),(52,'img/biurowe/office_home_business.jpg',NULL,NULL,NULL,NULL,NULL,NULL,NULL,NULL,NULL,NULL,NULL,NULL,NULL,NULL,NULL,NULL,NULL,NULL,NULL,NULL,NULL,NULL,NULL,NULL,NULL,NULL,NULL,NULL,NULL,NULL,NULL,NULL,NULL,NULL,NULL,NULL,NULL,NULL,NULL,NULL,NULL,NULL,NULL,NULL,NULL,'Do domu i małych firm','1','Dożywotnia','Windows macOS','Word Excel PowerPoint Outlook',NULL,'OEM',NULL,NULL,NULL,NULL,NULL,NULL,NULL,NULL,NULL,NULL,NULL,NULL),(53,'img/biurowe/office_personal.jpg',NULL,NULL,NULL,NULL,NULL,NULL,NULL,NULL,NULL,NULL,NULL,NULL,NULL,NULL,NULL,NULL,NULL,NULL,NULL,NULL,NULL,NULL,NULL,NULL,NULL,NULL,NULL,NULL,NULL,NULL,NULL,NULL,NULL,NULL,NULL,NULL,NULL,NULL,NULL,NULL,NULL,NULL,NULL,NULL,NULL,'Do domu','1','12 miesięcy','Windows macOS iOS Android  ','Word Excel PowerPoint Outlook OneNote Publisher Access Skype OneDrive',NULL,'OEM',NULL,NULL,NULL,NULL,NULL,NULL,NULL,NULL,NULL,NULL,NULL,NULL),(54,'img/biurowe/office_business.jpg',NULL,NULL,NULL,NULL,NULL,NULL,NULL,NULL,NULL,NULL,NULL,NULL,NULL,NULL,NULL,NULL,NULL,NULL,NULL,NULL,NULL,NULL,NULL,NULL,NULL,NULL,NULL,NULL,NULL,NULL,NULL,NULL,NULL,NULL,NULL,NULL,NULL,NULL,NULL,NULL,NULL,NULL,NULL,NULL,NULL,'Do firm i małych firm','5','12 miesięcy','Windows macOS iOS Android  ','Word Excel PowerPoint Outlook OneNote Publisher Access OneDrive',NULL,'OEM',NULL,NULL,NULL,NULL,NULL,NULL,NULL,NULL,NULL,NULL,NULL,NULL),(55,'img/biurowe/office_home.jpg',NULL,NULL,NULL,NULL,NULL,NULL,NULL,NULL,NULL,NULL,NULL,NULL,NULL,NULL,NULL,NULL,NULL,NULL,NULL,NULL,NULL,NULL,NULL,NULL,NULL,NULL,NULL,NULL,NULL,NULL,NULL,NULL,NULL,NULL,NULL,NULL,NULL,NULL,NULL,NULL,NULL,NULL,NULL,NULL,NULL,'Do domu','6','12 miesięcy','Windows macOS iOS Android ','Word Excel PowerPoint Outlook OneNote Publisher Access Skype OneDrive',NULL,'OEM',NULL,NULL,NULL,NULL,NULL,NULL,NULL,NULL,NULL,NULL,NULL,NULL),(56,'img/operacyjne/w10_home.jpg',NULL,NULL,NULL,NULL,NULL,NULL,NULL,NULL,NULL,NULL,NULL,NULL,NULL,NULL,NULL,NULL,NULL,NULL,NULL,NULL,NULL,NULL,NULL,NULL,NULL,NULL,NULL,NULL,NULL,NULL,NULL,NULL,NULL,NULL,NULL,NULL,NULL,NULL,NULL,NULL,NULL,NULL,NULL,NULL,NULL,NULL,'1','Dożywotnia',NULL,'Windows 10 Home','32-bitowa 64-bitowa','BOX',NULL,NULL,NULL,NULL,NULL,NULL,NULL,NULL,NULL,NULL,NULL,NULL),(57,'img/operacyjne/w10_pro.jpg',NULL,NULL,NULL,NULL,NULL,NULL,NULL,NULL,NULL,NULL,NULL,NULL,NULL,NULL,NULL,NULL,NULL,NULL,NULL,NULL,NULL,NULL,NULL,NULL,NULL,NULL,NULL,NULL,NULL,NULL,NULL,NULL,NULL,NULL,NULL,NULL,NULL,NULL,NULL,NULL,NULL,NULL,NULL,NULL,NULL,NULL,'1','Dożywotnia',NULL,'Windows 10 Pro','64-bitowa','OEM',NULL,NULL,NULL,NULL,NULL,NULL,NULL,NULL,NULL,NULL,NULL,NULL),(58,'img/operacyjne/apple_parallels.jpg',NULL,NULL,NULL,NULL,NULL,NULL,NULL,NULL,NULL,NULL,NULL,NULL,NULL,NULL,NULL,NULL,NULL,NULL,NULL,NULL,NULL,NULL,NULL,NULL,NULL,NULL,NULL,NULL,NULL,NULL,NULL,NULL,NULL,NULL,NULL,NULL,NULL,NULL,NULL,NULL,NULL,NULL,NULL,NULL,NULL,NULL,'1','Dożywotnia',NULL,'macOS','32-bitowa 64-bitowa','BOX',NULL,NULL,NULL,NULL,NULL,NULL,NULL,NULL,NULL,NULL,NULL,NULL),(59,'img/drukarki/hp_samsung.jpg',NULL,NULL,NULL,NULL,NULL,NULL,NULL,NULL,NULL,'331 mm','178 mm','215 mm',NULL,NULL,NULL,NULL,NULL,NULL,NULL,NULL,NULL,NULL,NULL,NULL,NULL,NULL,NULL,NULL,NULL,NULL,NULL,NULL,NULL,NULL,NULL,NULL,NULL,'4 kg',NULL,NULL,NULL,NULL,NULL,NULL,NULL,NULL,NULL,NULL,NULL,NULL,NULL,NULL,'Laserowa, monochromatyczna','A4','150 arkuszy','100 arkuszy','20 str./min','1200 x 1200 dpi',NULL,NULL,NULL,NULL,NULL,NULL),(60,'img/drukarki/hp_laserJet.jpg',NULL,NULL,NULL,NULL,NULL,NULL,NULL,NULL,NULL,'346 mm','159 mm','189 mm',NULL,NULL,NULL,NULL,NULL,NULL,NULL,NULL,NULL,NULL,NULL,NULL,NULL,NULL,NULL,NULL,NULL,NULL,NULL,NULL,NULL,NULL,NULL,NULL,NULL,'3,8 kg',NULL,NULL,NULL,NULL,NULL,NULL,NULL,NULL,NULL,NULL,NULL,NULL,NULL,NULL,'Laserowa, monochromatyczna','A4','150 arkuszy','100 arkuszy','18 str./min','600 x 600 dpi',NULL,NULL,NULL,NULL,NULL,NULL),(61,'img/drukarki/brother_hl.jpg',NULL,NULL,NULL,NULL,NULL,NULL,NULL,NULL,NULL,'358 mm','183 mm','360 mm',NULL,NULL,NULL,NULL,NULL,NULL,NULL,NULL,NULL,NULL,NULL,NULL,NULL,NULL,NULL,NULL,NULL,NULL,NULL,NULL,NULL,NULL,NULL,NULL,NULL,'7,2 kg',NULL,NULL,NULL,NULL,NULL,NULL,NULL,NULL,NULL,NULL,NULL,NULL,NULL,NULL,'Laserowa, monochromatyczna','A4','250 arkuszy','150 arkuszy','30 str./min','2400 x 600 dpi',NULL,NULL,NULL,NULL,NULL,NULL),(62,'img/drukarki/epson_workForce.jpg',NULL,NULL,NULL,NULL,NULL,NULL,NULL,NULL,NULL,'567 mm','304 mm','424 mm',NULL,NULL,NULL,NULL,NULL,NULL,NULL,NULL,NULL,NULL,NULL,NULL,NULL,NULL,NULL,NULL,NULL,NULL,NULL,NULL,NULL,NULL,NULL,NULL,NULL,'15,5 kg',NULL,NULL,NULL,NULL,NULL,NULL,NULL,NULL,NULL,NULL,NULL,NULL,NULL,NULL,'Atramentowa, kolorowa','A3','500 arkuszy','Brak','18 str./min','4800 x 2400 dpi',NULL,NULL,NULL,NULL,NULL,NULL),(63,'img/drukarki/hp_colorLaserJet.jpg',NULL,NULL,NULL,NULL,NULL,NULL,NULL,NULL,NULL,'392 mm','298 mm','475 mm',NULL,NULL,NULL,NULL,NULL,NULL,NULL,NULL,NULL,NULL,NULL,NULL,NULL,NULL,NULL,NULL,NULL,NULL,NULL,NULL,NULL,NULL,NULL,NULL,NULL,'15 kg',NULL,NULL,NULL,NULL,NULL,NULL,NULL,NULL,NULL,NULL,NULL,NULL,NULL,NULL,'Laserowa, kolorowa','A4','250 arkuszy','100 arkuszy','21 str./min','600 x 600 dpi',NULL,NULL,NULL,NULL,NULL,NULL),(64,'img/klawiatury/dell_kb216.jpg',NULL,NULL,NULL,NULL,NULL,NULL,NULL,NULL,'442 mm','127 mm','25 mm',NULL,NULL,'Niskoprofilowa Klasyczna',NULL,NULL,NULL,NULL,'USB',NULL,NULL,NULL,NULL,NULL,NULL,NULL,NULL,NULL,NULL,NULL,NULL,NULL,NULL,NULL,NULL,NULL,NULL,'495 g',NULL,NULL,NULL,NULL,NULL,NULL,NULL,NULL,NULL,NULL,NULL,NULL,NULL,NULL,NULL,NULL,NULL,NULL,NULL,NULL,'Przewodowa',NULL,NULL,NULL,NULL,NULL),(65,'img/klawiatury/asus_rog.jpg',NULL,NULL,NULL,NULL,NULL,NULL,NULL,NULL,'465 mm','186 mm','30 mm',NULL,NULL,'Dla graczy Multimedialna',NULL,NULL,NULL,NULL,'USB',NULL,NULL,NULL,NULL,NULL,NULL,NULL,NULL,NULL,NULL,NULL,NULL,NULL,NULL,NULL,NULL,NULL,NULL,'560 g',NULL,NULL,NULL,NULL,NULL,NULL,NULL,NULL,NULL,NULL,NULL,NULL,NULL,NULL,NULL,NULL,NULL,NULL,NULL,NULL,'Przewodowa',NULL,NULL,NULL,NULL,NULL),(66,'img/klawiatury/logitech_corded.jpg',NULL,NULL,NULL,NULL,NULL,NULL,NULL,NULL,'459 mm','182 mm','20 mm',NULL,NULL,'Multimedialna Niskoprofilowa',NULL,NULL,NULL,NULL,'USB',NULL,NULL,NULL,NULL,NULL,NULL,NULL,NULL,NULL,NULL,NULL,NULL,NULL,NULL,NULL,NULL,NULL,NULL,'505 g',NULL,NULL,NULL,NULL,NULL,NULL,NULL,NULL,NULL,NULL,NULL,NULL,NULL,NULL,NULL,NULL,NULL,NULL,NULL,NULL,'Przewodowa',NULL,NULL,NULL,NULL,NULL),(67,'img/klawiatury/msi_vigor.jpg',NULL,NULL,NULL,NULL,NULL,NULL,NULL,NULL,'355 mm','136 mm','45 mm',NULL,NULL,'Dla graczy Mechaniczna',NULL,NULL,NULL,NULL,'USB',NULL,NULL,NULL,NULL,NULL,NULL,NULL,NULL,NULL,NULL,NULL,NULL,NULL,NULL,NULL,NULL,NULL,NULL,'750 g',NULL,NULL,NULL,NULL,NULL,NULL,NULL,NULL,NULL,NULL,NULL,NULL,NULL,NULL,NULL,NULL,NULL,NULL,NULL,NULL,'Przewodowa',NULL,NULL,NULL,NULL,NULL),(68,'img/klawiatury/logitech_bt.jpg',NULL,NULL,NULL,NULL,NULL,NULL,NULL,NULL,'279 mm','124 mm','16 mm',NULL,NULL,'Multimedialna Niskoprofilowa',NULL,NULL,NULL,NULL,'Bluetooth',NULL,NULL,NULL,NULL,NULL,NULL,NULL,NULL,NULL,NULL,NULL,NULL,NULL,NULL,NULL,NULL,NULL,NULL,'423 g',NULL,NULL,NULL,NULL,NULL,NULL,NULL,NULL,NULL,NULL,NULL,NULL,NULL,NULL,NULL,NULL,NULL,NULL,NULL,NULL,'Bezprzewodowa',NULL,NULL,NULL,NULL,NULL),(69,'img/monitory/acer_nitro.jpg',NULL,NULL,NULL,NULL,NULL,NULL,NULL,'21 W',NULL,'540 mm','412 mm','240 mm',NULL,NULL,'23,8',NULL,'VGA (D-sub) - 1 szt.   HDMI - 2 szt.',NULL,NULL,NULL,NULL,NULL,NULL,NULL,NULL,NULL,NULL,NULL,NULL,NULL,NULL,NULL,NULL,NULL,NULL,NULL,NULL,'4 kg',NULL,NULL,NULL,NULL,NULL,NULL,NULL,NULL,NULL,NULL,NULL,NULL,NULL,NULL,NULL,NULL,NULL,NULL,NULL,NULL,NULL,'1920 x 1080 (FullHD)','16:9','75 Hz','LED, IPS',NULL),(70,'img/monitory/lg_29um.jpg',NULL,NULL,NULL,NULL,NULL,NULL,NULL,'30 W',NULL,'703 mm','415 mm','205 mm',NULL,NULL,'29',NULL,'HDMI - 1 szt.  DisplayPort - 1 szt. Wyjście słuchawkowe - 1 szt.',NULL,NULL,NULL,NULL,NULL,NULL,NULL,NULL,NULL,NULL,NULL,NULL,NULL,NULL,NULL,NULL,NULL,NULL,NULL,NULL,'5,5 kg',NULL,NULL,NULL,NULL,NULL,NULL,NULL,NULL,NULL,NULL,NULL,NULL,NULL,NULL,NULL,NULL,NULL,NULL,NULL,NULL,NULL,'2560 x 1080 (UWHD)','21:9','75 Hz','LED, IPS',NULL),(71,'img/monitory/samsung_s24.jpg',NULL,NULL,NULL,NULL,NULL,NULL,NULL,'25 W',NULL,'548 mm','424 mm','219 mm',NULL,NULL,'23,5',NULL,'VGA (D-sub) - 1 szt. HDMI - 1 szt. DC-in (wejście zasilania) - 1 szt.',NULL,NULL,NULL,NULL,NULL,NULL,NULL,NULL,NULL,NULL,NULL,NULL,NULL,NULL,NULL,NULL,NULL,NULL,NULL,NULL,'3,3 kg',NULL,NULL,NULL,NULL,NULL,NULL,NULL,NULL,NULL,NULL,NULL,NULL,NULL,NULL,NULL,NULL,NULL,NULL,NULL,NULL,NULL,'1920 x 1080 (FullHD)','16:9','60 Hz','LED, PLS',NULL),(72,'img/monitory/dell_p24.jpg',NULL,NULL,NULL,NULL,NULL,NULL,NULL,'40 W',NULL,'538 mm','487 mm','166 mm',NULL,NULL,'23,8',NULL,'VGA (D-sub) - 1 szt. HDMI - 1 szt. DC-in (wejście zasilania) - 1 szt. USB 2.0 - 2 szt. ',NULL,NULL,NULL,NULL,NULL,NULL,NULL,NULL,NULL,NULL,NULL,NULL,NULL,NULL,NULL,NULL,NULL,NULL,NULL,NULL,'3,3 kg',NULL,NULL,NULL,NULL,NULL,NULL,NULL,NULL,NULL,NULL,NULL,NULL,NULL,NULL,NULL,NULL,NULL,NULL,NULL,NULL,NULL,'1920 x 1080 (FullHD)','16:9','60 Hz','LED, IPS',NULL),(73,'img/monitory/aoc_24v.jpg',NULL,NULL,NULL,NULL,NULL,NULL,NULL,'18 W',NULL,'537 mm','423 mm','180 mm',NULL,NULL,'23,8',NULL,'HDMI - 1 szt. DisplayPort - 1 szt. Wyjście słuchawkowe - 1 szt. DC-in (wejście zasilania) - 1 szt.',NULL,NULL,NULL,NULL,NULL,NULL,NULL,NULL,NULL,NULL,NULL,NULL,NULL,NULL,NULL,NULL,NULL,NULL,NULL,NULL,'3,15 kg',NULL,NULL,NULL,NULL,NULL,NULL,NULL,NULL,NULL,NULL,NULL,NULL,NULL,NULL,NULL,NULL,NULL,NULL,NULL,NULL,NULL,'1920 x 1080 (FullHD)','16:9','75 Hz','LED, IPS',NULL),(74,'img/myszki/dell_ms116.jpg',NULL,NULL,NULL,NULL,NULL,NULL,NULL,NULL,NULL,NULL,NULL,NULL,NULL,'Klasyczna',NULL,NULL,NULL,NULL,'USB',NULL,NULL,NULL,NULL,NULL,NULL,NULL,NULL,NULL,NULL,NULL,NULL,NULL,NULL,NULL,NULL,NULL,NULL,NULL,NULL,NULL,NULL,NULL,NULL,NULL,NULL,NULL,NULL,NULL,NULL,NULL,NULL,NULL,NULL,NULL,NULL,NULL,NULL,NULL,'Przewodowa','1000 dpi',NULL,NULL,NULL,'1,8 m'),(75,'img/myszki/asus_wt465.jpg',NULL,NULL,NULL,NULL,NULL,NULL,NULL,NULL,NULL,NULL,NULL,NULL,NULL,'Multimedialna',NULL,NULL,NULL,NULL,'2,4 GHz',NULL,NULL,NULL,NULL,NULL,NULL,NULL,NULL,NULL,NULL,NULL,NULL,NULL,NULL,NULL,NULL,NULL,NULL,NULL,NULL,NULL,NULL,NULL,NULL,NULL,NULL,NULL,NULL,NULL,NULL,NULL,NULL,NULL,NULL,NULL,NULL,NULL,NULL,NULL,'Bezprzewodowa','1600 dpi',NULL,NULL,NULL,'10 m'),(76,'img/myszki/steelseries_rival.jpg',NULL,NULL,NULL,NULL,NULL,NULL,NULL,NULL,NULL,NULL,NULL,NULL,NULL,'Dla graczy',NULL,NULL,NULL,NULL,'USB',NULL,NULL,NULL,NULL,NULL,NULL,NULL,NULL,NULL,NULL,NULL,NULL,NULL,NULL,NULL,NULL,NULL,NULL,NULL,NULL,NULL,NULL,NULL,NULL,NULL,NULL,NULL,NULL,NULL,NULL,NULL,NULL,NULL,NULL,NULL,NULL,NULL,NULL,NULL,'Przewodowa','7200 dpi',NULL,NULL,NULL,'2 m'),(77,'img/myszki/logitech_g102.jpg',NULL,NULL,NULL,NULL,NULL,NULL,NULL,NULL,NULL,NULL,NULL,NULL,NULL,'Dla graczy Klasyczna',NULL,NULL,NULL,NULL,'USB',NULL,NULL,NULL,NULL,NULL,NULL,NULL,NULL,NULL,NULL,NULL,NULL,NULL,NULL,NULL,NULL,NULL,NULL,NULL,NULL,NULL,NULL,NULL,NULL,NULL,NULL,NULL,NULL,NULL,NULL,NULL,NULL,NULL,NULL,NULL,NULL,NULL,NULL,NULL,'Przewodowa','8000 dpi',NULL,NULL,NULL,'2 m'),(78,'img/myszki/a4tech_bloody.jpg',NULL,NULL,NULL,NULL,NULL,NULL,NULL,NULL,NULL,NULL,NULL,NULL,NULL,'Dla graczy',NULL,NULL,NULL,NULL,'USB',NULL,NULL,NULL,NULL,NULL,NULL,NULL,NULL,NULL,NULL,NULL,NULL,NULL,NULL,NULL,NULL,NULL,NULL,NULL,NULL,NULL,NULL,NULL,NULL,NULL,NULL,NULL,NULL,NULL,NULL,NULL,NULL,NULL,NULL,NULL,NULL,NULL,NULL,NULL,'Przewodowa','3200 dpi',NULL,NULL,NULL,'1,8 m'),(79,NULL,NULL,NULL,NULL,NULL,NULL,NULL,NULL,NULL,NULL,NULL,NULL,NULL,NULL,NULL,NULL,NULL,NULL,NULL,NULL,NULL,NULL,NULL,NULL,NULL,NULL,NULL,NULL,NULL,NULL,NULL,NULL,NULL,NULL,NULL,NULL,NULL,NULL,NULL,NULL,NULL,NULL,NULL,NULL,NULL,NULL,NULL,NULL,NULL,NULL,NULL,NULL,NULL,NULL,NULL,NULL,NULL,NULL,NULL,NULL,NULL,NULL,NULL,NULL,NULL);
/*!40000 ALTER TABLE `atrybuty` ENABLE KEYS */;
UNLOCK TABLES;

--
-- Table structure for table `chat`
--

DROP TABLE IF EXISTS `chat`;
/*!40101 SET @saved_cs_client     = @@character_set_client */;
 SET character_set_client = utf8mb4 ;
CREATE TABLE `chat` (
  `idchat` int(11) NOT NULL AUTO_INCREMENT,
  `klient` varchar(200) DEFAULT NULL,
  `pracownik` varchar(200) DEFAULT NULL,
  PRIMARY KEY (`idchat`)
) ENGINE=InnoDB AUTO_INCREMENT=144 DEFAULT CHARSET=utf8mb4 COLLATE=utf8mb4_0900_ai_ci;
/*!40101 SET character_set_client = @saved_cs_client */;

--
-- Dumping data for table `chat`
--

LOCK TABLES `chat` WRITE;
/*!40000 ALTER TABLE `chat` DISABLE KEYS */;
INSERT INTO `chat` VALUES (21,'witam',NULL),(22,NULL,'słucham pana?'),(23,'mam problem ze sprzętem',NULL),(24,NULL,'zamieniam się w słuch');
/*!40000 ALTER TABLE `chat` ENABLE KEYS */;
UNLOCK TABLES;

--
-- Table structure for table `encja`
--

DROP TABLE IF EXISTS `encja`;
/*!40101 SET @saved_cs_client     = @@character_set_client */;
 SET character_set_client = utf8mb4 ;
CREATE TABLE `encja` (
  `idEncja` int(11) NOT NULL,
  `Produkty_idProdukty` int(11) NOT NULL,
  `Atrybuty_idAtrybuty` int(11) NOT NULL,
  PRIMARY KEY (`idEncja`),
  KEY `fk_Encja_Produkty1_idx` (`Produkty_idProdukty`),
  KEY `fk_Encja_Atrybuty1_idx` (`Atrybuty_idAtrybuty`),
  CONSTRAINT `fk_Encja_Atrybuty1` FOREIGN KEY (`Atrybuty_idAtrybuty`) REFERENCES `atrybuty` (`idAtrybuty`),
  CONSTRAINT `fk_Encja_Produkty1` FOREIGN KEY (`Produkty_idProdukty`) REFERENCES `produkty` (`idProdukty`)
) ENGINE=InnoDB DEFAULT CHARSET=utf8mb4 COLLATE=utf8mb4_0900_ai_ci;
/*!40101 SET character_set_client = @saved_cs_client */;

--
-- Dumping data for table `encja`
--

LOCK TABLES `encja` WRITE;
/*!40000 ALTER TABLE `encja` DISABLE KEYS */;
INSERT INTO `encja` VALUES (1,1,1),(2,2,2),(3,3,3),(4,4,4),(5,5,5),(6,6,6),(7,7,7),(8,8,8),(9,9,9),(10,10,10),(11,11,11),(12,12,12),(13,13,13),(14,14,14),(15,15,15),(16,16,16),(17,17,17),(18,18,18),(19,19,19),(20,20,20),(21,21,21),(22,22,22),(23,23,23),(24,24,24),(25,25,25),(26,26,26),(27,27,27),(28,28,28),(29,29,29),(30,30,30),(31,31,31),(32,32,32),(33,33,33),(34,34,34),(35,35,35),(36,36,36),(37,37,37),(38,38,38),(39,39,39),(40,40,40),(41,41,41),(42,42,42),(43,43,43),(44,44,44),(45,45,45),(46,46,46),(47,47,47),(48,48,48),(49,49,49),(50,50,50),(51,51,51),(52,52,52),(53,53,53),(54,54,54),(55,55,55),(56,56,56),(57,57,57),(58,58,58),(59,59,59),(60,60,60),(61,61,61),(62,62,62),(63,63,63),(64,64,64),(65,65,65),(66,66,66),(67,67,67),(68,68,68),(69,69,69),(70,70,70),(71,71,71),(72,72,72),(73,73,73),(74,74,74),(75,75,75),(76,76,76),(77,77,77),(78,78,78);
/*!40000 ALTER TABLE `encja` ENABLE KEYS */;
UNLOCK TABLES;

--
-- Table structure for table `faktura`
--

DROP TABLE IF EXISTS `faktura`;
/*!40101 SET @saved_cs_client     = @@character_set_client */;
 SET character_set_client = utf8mb4 ;
CREATE TABLE `faktura` (
  `idFaktura` int(11) NOT NULL,
  `Nazwa` varchar(45) DEFAULT NULL,
  `Cena` varchar(45) DEFAULT NULL,
  `Ilosc_produktow` varchar(45) DEFAULT NULL,
  `Data_sprzedazy` varchar(45) DEFAULT NULL,
  `idKlient_FK` int(11) DEFAULT NULL,
  PRIMARY KEY (`idFaktura`),
  KEY `fk_Klient_faktura_idx` (`idKlient_FK`)
) ENGINE=InnoDB DEFAULT CHARSET=utf8mb4 COLLATE=utf8mb4_0900_ai_ci;
/*!40101 SET character_set_client = @saved_cs_client */;

--
-- Dumping data for table `faktura`
--

LOCK TABLES `faktura` WRITE;
/*!40000 ALTER TABLE `faktura` DISABLE KEYS */;
INSERT INTO `faktura` VALUES (1,'Zakup',NULL,NULL,'20-05-2019',3),(2,'Zakup','1100','2','2019-06-19 04:59:25',2);
/*!40000 ALTER TABLE `faktura` ENABLE KEYS */;
UNLOCK TABLES;

--
-- Table structure for table `groups`
--

DROP TABLE IF EXISTS `groups`;
/*!40101 SET @saved_cs_client     = @@character_set_client */;
 SET character_set_client = utf8mb4 ;
CREATE TABLE `groups` (
  `group_id` int(10) NOT NULL,
  `group_name` varchar(20) NOT NULL,
  `group_desc` varchar(200) DEFAULT NULL,
  PRIMARY KEY (`group_id`)
) ENGINE=InnoDB DEFAULT CHARSET=utf8mb4 COLLATE=utf8mb4_0900_ai_ci;
/*!40101 SET character_set_client = @saved_cs_client */;

--
-- Dumping data for table `groups`
--

LOCK TABLES `groups` WRITE;
/*!40000 ALTER TABLE `groups` DISABLE KEYS */;
INSERT INTO `groups` VALUES (1,'USER','aktor nr 1'),(2,'ADMIN','aktor nr 2'),(3,'EMPLOYEE','aktor nr 3');
/*!40000 ALTER TABLE `groups` ENABLE KEYS */;
UNLOCK TABLES;

--
-- Table structure for table `klient`
--

DROP TABLE IF EXISTS `klient`;
/*!40101 SET @saved_cs_client     = @@character_set_client */;
 SET character_set_client = utf8mb4 ;
CREATE TABLE `klient` (
  `idKlient` int(11) NOT NULL,
  `Osoba_idOsoba` int(11) NOT NULL,
  PRIMARY KEY (`idKlient`),
  KEY `fk_Klient_Osoba1_idx` (`Osoba_idOsoba`),
  CONSTRAINT `id_osoba_FK` FOREIGN KEY (`Osoba_idOsoba`) REFERENCES `osoba` (`idOsoba`)
) ENGINE=InnoDB DEFAULT CHARSET=utf8mb4 COLLATE=utf8mb4_0900_ai_ci;
/*!40101 SET character_set_client = @saved_cs_client */;

--
-- Dumping data for table `klient`
--

LOCK TABLES `klient` WRITE;
/*!40000 ALTER TABLE `klient` DISABLE KEYS */;
INSERT INTO `klient` VALUES (1,3),(2,5);
/*!40000 ALTER TABLE `klient` ENABLE KEYS */;
UNLOCK TABLES;

--
-- Table structure for table `kody_rabatowe`
--

DROP TABLE IF EXISTS `kody_rabatowe`;
/*!40101 SET @saved_cs_client     = @@character_set_client */;
 SET character_set_client = utf8mb4 ;
CREATE TABLE `kody_rabatowe` (
  `idkody_rabatowe` int(11) NOT NULL AUTO_INCREMENT,
  `nazwa` varchar(45) DEFAULT NULL,
  `rabat` varchar(45) DEFAULT NULL,
  `rabat_procent` varchar(45) DEFAULT NULL,
  PRIMARY KEY (`idkody_rabatowe`)
) ENGINE=InnoDB AUTO_INCREMENT=41 DEFAULT CHARSET=utf8mb4 COLLATE=utf8mb4_0900_ai_ci;
/*!40101 SET character_set_client = @saved_cs_client */;

--
-- Dumping data for table `kody_rabatowe`
--

LOCK TABLES `kody_rabatowe` WRITE;
/*!40000 ALTER TABLE `kody_rabatowe` DISABLE KEYS */;
INSERT INTO `kody_rabatowe` VALUES (39,'super','0.9','10%'),(40,'mega','0.01','99%');
/*!40000 ALTER TABLE `kody_rabatowe` ENABLE KEYS */;
UNLOCK TABLES;

--
-- Table structure for table `koszyk_produkty`
--

DROP TABLE IF EXISTS `koszyk_produkty`;
/*!40101 SET @saved_cs_client     = @@character_set_client */;
 SET character_set_client = utf8mb4 ;
CREATE TABLE `koszyk_produkty` (
  `idkoszyk_produkty` int(11) NOT NULL AUTO_INCREMENT,
  `idKoszyk_FK` int(11) NOT NULL,
  `idProdukty_FK` int(11) NOT NULL,
  PRIMARY KEY (`idkoszyk_produkty`),
  KEY `fk_KoszykP_KoszykZ_idx` (`idKoszyk_FK`),
  KEY `fk_KoszykP_Produkty_idx` (`idProdukty_FK`),
  CONSTRAINT `fk_KoszykP_KoszykZ` FOREIGN KEY (`idKoszyk_FK`) REFERENCES `koszyk_zamowienie` (`idKoszyk`),
  CONSTRAINT `fk_KoszykP_Produkty` FOREIGN KEY (`idProdukty_FK`) REFERENCES `produkty` (`idProdukty`)
) ENGINE=InnoDB AUTO_INCREMENT=913 DEFAULT CHARSET=utf8mb4 COLLATE=utf8mb4_0900_ai_ci;
/*!40101 SET character_set_client = @saved_cs_client */;

--
-- Dumping data for table `koszyk_produkty`
--

LOCK TABLES `koszyk_produkty` WRITE;
/*!40000 ALTER TABLE `koszyk_produkty` DISABLE KEYS */;
INSERT INTO `koszyk_produkty` VALUES (1,1,1),(903,12,56),(904,12,56),(905,13,56),(906,13,56),(907,13,56),(908,14,56),(909,14,56),(910,14,56),(911,14,56),(912,14,56);
/*!40000 ALTER TABLE `koszyk_produkty` ENABLE KEYS */;
UNLOCK TABLES;

--
-- Table structure for table `koszyk_zamowienie`
--

DROP TABLE IF EXISTS `koszyk_zamowienie`;
/*!40101 SET @saved_cs_client     = @@character_set_client */;
 SET character_set_client = utf8mb4 ;
CREATE TABLE `koszyk_zamowienie` (
  `idKoszyk` int(11) NOT NULL,
  `idKlient_FK` int(11) NOT NULL,
  `Ilosc` int(11) DEFAULT NULL,
  `Cena_koncowa` int(11) DEFAULT '0',
  `Cena_rabat` int(11) DEFAULT NULL,
  `Rabat` varchar(45) DEFAULT '0%',
  `Status` varchar(45) DEFAULT '-',
  PRIMARY KEY (`idKoszyk`),
  KEY `fk_Koszyk_Klient1_idx` (`idKlient_FK`),
  CONSTRAINT `fk_KoszykZ_Klient1` FOREIGN KEY (`idKlient_FK`) REFERENCES `klient` (`idKlient`)
) ENGINE=InnoDB DEFAULT CHARSET=utf8mb4 COLLATE=utf8mb4_0900_ai_ci;
/*!40101 SET character_set_client = @saved_cs_client */;

--
-- Dumping data for table `koszyk_zamowienie`
--

LOCK TABLES `koszyk_zamowienie` WRITE;
/*!40000 ALTER TABLE `koszyk_zamowienie` DISABLE KEYS */;
INSERT INTO `koszyk_zamowienie` VALUES (1,1,NULL,0,NULL,NULL,NULL),(12,2,2,1100,1100,'0%','-'),(13,2,3,1650,1650,'0%','-'),(14,2,5,2750,2475,'10%','-');
/*!40000 ALTER TABLE `koszyk_zamowienie` ENABLE KEYS */;
UNLOCK TABLES;

--
-- Table structure for table `naprawa`
--

DROP TABLE IF EXISTS `naprawa`;
/*!40101 SET @saved_cs_client     = @@character_set_client */;
 SET character_set_client = utf8mb4 ;
CREATE TABLE `naprawa` (
  `idNaprawa` int(11) NOT NULL,
  `Opis` varchar(45) DEFAULT NULL,
  `Data` int(11) DEFAULT NULL,
  `Nazwa_czesci` varchar(45) DEFAULT NULL,
  `Faktura_idFaktura` int(11) NOT NULL,
  `Klient_idKlient` int(11) NOT NULL,
  PRIMARY KEY (`idNaprawa`),
  KEY `fk_Naprawa_Faktura1_idx` (`Faktura_idFaktura`),
  KEY `fk_Naprawa_Klient1_idx` (`Klient_idKlient`),
  CONSTRAINT `fk_Naprawa_Faktura1` FOREIGN KEY (`Faktura_idFaktura`) REFERENCES `faktura` (`idFaktura`),
  CONSTRAINT `fk_Naprawa_Klient1` FOREIGN KEY (`Klient_idKlient`) REFERENCES `klient` (`idKlient`)
) ENGINE=InnoDB DEFAULT CHARSET=utf8mb4 COLLATE=utf8mb4_0900_ai_ci;
/*!40101 SET character_set_client = @saved_cs_client */;

--
-- Dumping data for table `naprawa`
--

LOCK TABLES `naprawa` WRITE;
/*!40000 ALTER TABLE `naprawa` DISABLE KEYS */;
/*!40000 ALTER TABLE `naprawa` ENABLE KEYS */;
UNLOCK TABLES;

--
-- Table structure for table `osoba`
--

DROP TABLE IF EXISTS `osoba`;
/*!40101 SET @saved_cs_client     = @@character_set_client */;
 SET character_set_client = utf8mb4 ;
CREATE TABLE `osoba` (
  `idOsoba` int(11) NOT NULL,
  `Login` varchar(45) DEFAULT NULL,
  `Haslo` varchar(100) DEFAULT NULL,
  `Imie` varchar(45) DEFAULT NULL,
  `Nazwisko` varchar(45) DEFAULT NULL,
  `Email` varchar(45) DEFAULT NULL,
  `Miasto` varchar(45) DEFAULT NULL,
  `Ulica` varchar(45) DEFAULT NULL,
  `NrDomu` varchar(45) DEFAULT NULL,
  `KodPocztowy` varchar(45) DEFAULT NULL,
  PRIMARY KEY (`idOsoba`)
) ENGINE=InnoDB DEFAULT CHARSET=utf8mb4 COLLATE=utf8mb4_0900_ai_ci;
/*!40101 SET character_set_client = @saved_cs_client */;

--
-- Dumping data for table `osoba`
--

LOCK TABLES `osoba` WRITE;
/*!40000 ALTER TABLE `osoba` DISABLE KEYS */;
INSERT INTO `osoba` VALUES (1,'pracownik','ce3c15c7575ddca735ebbec376c35cbb8c18cce53e8225cb146e8fdb5249956e','Jan','Kowalski','jkowalski@serwis.pl','Kielce','Swietokrzyska','20','12-345'),(2,'pracownik2','ce3c15c7575ddca735ebbec376c35cbb8c18cce53e8225cb146e8fdb5249956e','Maciej','Nowak','mnowak@serwis.pl','Kielce','Śniadecka','3/4','21-505'),(3,'NieLogujSieTutaj','cbfda0b7ba2c5c1383702bcfaf0ec82ee4cee2fbd69bda593c75e8e953940fcf','Piotr','Stepien','ale@wp.pl','folwark','niska','jakis','29-250'),(4,'admin','8c6976e5b5410415bde908bd4dee15dfb167a9c873fc4bb8a81f6f2ab448a918','Andrzej','Knut','aknut@serwis.pl','Kielce','Ściegiennego','5','34-541'),(5,'klient','cbfda0b7ba2c5c1383702bcfaf0ec82ee4cee2fbd69bda593c75e8e953940fcf','Albert','Kozera','ale@wp.pl','aawd','wd','awd','awd'),(6,'pracownik3','ce3c15c7575ddca735ebbec376c35cbb8c18cce53e8225cb146e8fdb5249956e','awf','waf',NULL,NULL,NULL,NULL,NULL),(7,'pracownik43','f012bfcd109fa91bb9381565eacc40ec2eb3880244bbb5a85b559dd370c3535a','awf','awf',NULL,NULL,NULL,NULL,NULL);
/*!40000 ALTER TABLE `osoba` ENABLE KEYS */;
UNLOCK TABLES;

--
-- Table structure for table `powiadomienia`
--

DROP TABLE IF EXISTS `powiadomienia`;
/*!40101 SET @saved_cs_client     = @@character_set_client */;
 SET character_set_client = utf8mb4 ;
CREATE TABLE `powiadomienia` (
  `idPowiadomienia` int(11) NOT NULL,
  `temat` varchar(45) DEFAULT NULL,
  `tresc` varchar(100) DEFAULT NULL,
  `od` int(11) DEFAULT NULL,
  `idOsoba_FK` int(11) DEFAULT NULL,
  PRIMARY KEY (`idPowiadomienia`),
  KEY `idOsoba_idx` (`idOsoba_FK`),
  CONSTRAINT `idOsoba` FOREIGN KEY (`idOsoba_FK`) REFERENCES `osoba` (`idOsoba`)
) ENGINE=InnoDB DEFAULT CHARSET=utf8mb4 COLLATE=utf8mb4_0900_ai_ci;
/*!40101 SET character_set_client = @saved_cs_client */;

--
-- Dumping data for table `powiadomienia`
--

LOCK TABLES `powiadomienia` WRITE;
/*!40000 ALTER TABLE `powiadomienia` DISABLE KEYS */;
INSERT INTO `powiadomienia` VALUES (1,'temat','tresc',2,1),(2,'temat1','tresc1',3,2);
/*!40000 ALTER TABLE `powiadomienia` ENABLE KEYS */;
UNLOCK TABLES;

--
-- Table structure for table `pracownik`
--

DROP TABLE IF EXISTS `pracownik`;
/*!40101 SET @saved_cs_client     = @@character_set_client */;
 SET character_set_client = utf8mb4 ;
CREATE TABLE `pracownik` (
  `idPracownik` int(11) NOT NULL,
  `Stanowisko` varchar(45) DEFAULT NULL,
  `Pensja` int(11) DEFAULT NULL,
  `Premia` int(11) DEFAULT NULL,
  `PrzepracowaneGodz` int(11) DEFAULT NULL,
  `Osoba_idOsoba` int(11) NOT NULL,
  PRIMARY KEY (`idPracownik`),
  KEY `fk_Pracownik_Osoba1_idx` (`Osoba_idOsoba`),
  CONSTRAINT `fk_Pracownik_Osoba1` FOREIGN KEY (`Osoba_idOsoba`) REFERENCES `osoba` (`idOsoba`)
) ENGINE=InnoDB DEFAULT CHARSET=utf8mb4 COLLATE=utf8mb4_0900_ai_ci;
/*!40101 SET character_set_client = @saved_cs_client */;

--
-- Dumping data for table `pracownik`
--

LOCK TABLES `pracownik` WRITE;
/*!40000 ALTER TABLE `pracownik` DISABLE KEYS */;
INSERT INTO `pracownik` VALUES (1,'Sprzedawca',2100,0,160,1),(2,'Technik',2500,0,140,2),(3,'Administrator',3200,0,100,4),(4,'fw',1200,NULL,NULL,6),(5,'awf',12,NULL,NULL,7);
/*!40000 ALTER TABLE `pracownik` ENABLE KEYS */;
UNLOCK TABLES;

--
-- Table structure for table `produkty`
--

DROP TABLE IF EXISTS `produkty`;
/*!40101 SET @saved_cs_client     = @@character_set_client */;
 SET character_set_client = utf8mb4 ;
CREATE TABLE `produkty` (
  `idProdukty` int(11) NOT NULL,
  `Kategoria` varchar(45) DEFAULT NULL,
  `Nazwa` varchar(45) DEFAULT NULL,
  `Cena` int(11) DEFAULT NULL,
  `Producent` varchar(45) DEFAULT NULL,
  PRIMARY KEY (`idProdukty`)
) ENGINE=InnoDB DEFAULT CHARSET=utf8mb4 COLLATE=utf8mb4_0900_ai_ci;
/*!40101 SET character_set_client = @saved_cs_client */;

--
-- Dumping data for table `produkty`
--

LOCK TABLES `produkty` WRITE;
/*!40000 ALTER TABLE `produkty` DISABLE KEYS */;
INSERT INTO `produkty` VALUES (1,'Procesory','i5-9600k',1200,'intel'),(2,'Procesory','i5-8600k',1199,'intel'),(3,'Procesory','i7-4770k',999,'intel'),(4,'Procesory','Ryzen7 2700',1099,'amd'),(5,'Procesory','Ryzen Threadripper 1950x',3199,'amd'),(6,'KartyGraficzne','RTX 2070',2499,'Gigabyte'),(7,'KartyGraficzne','GTX 1060',1199,'MSI'),(8,'KartyGraficzne','Radeon RX 570',699,'Aorus'),(9,'KartyGraficzne','RTX 2080 Ti',5499,'MSI'),(10,'KartyGraficzne','Radeon ROG Strix RX Vega',3499,'ASUS'),(11,'PlytyGlowne','Z390 Aorus Elite',789,'Aorus'),(12,'PlytyGlowne','Maximus VII Hero',1109,'ASUS'),(13,'PlytyGlowne','B450 Tomahawk',399,'MSI'),(14,'PlytyGlowne','X399 Taichi',1519,'ASRock'),(15,'PlytyGlowne','Z390 Aorus Xtreme Waterforce 5G',7959,'Aorus'),(16,'Zasilacze','Aerocool 500W',199,'Aerocool'),(17,'Zasilacze','be quiet! 600W Pure Power',351,'be quiet!'),(18,'Zasilacze','RMX Series 750W Modular',419,'Corsair'),(19,'Zasilacze','Toughpower Grand RGB 850W',588,'Thermaltake'),(20,'Zasilacze','PRIME Titanium 1000W',1275,'SeaSonic'),(21,'PamieciRAM','Vengeance LPX',390,'Corsair'),(22,'PamieciRAM','Predator',415,'HyperX'),(23,'PamieciRAM','Fury',234,'HyperX'),(24,'PamieciRAM','XPG Spectrix D80',1180,'Adata'),(25,'PamieciRAM','Predator RGB',469,'HyperX'),(26,'ObudowyKomputerowe','Regnum RG2 Pure Black',139,'SilentiumPC'),(27,'ObudowyKomputerowe','Pure Base 600 Window Orange',357,'be quiet!'),(28,'ObudowyKomputerowe','Carbide SPEC-06 RGB',369,'Corsair'),(29,'ObudowyKomputerowe','Dark Base 700 White Edition',844,'be quiet!'),(30,'ObudowyKomputerowe','Dark Base PRO 900 Black Rev.2',1000,'be quiet!'),(31,'ChlodzeniaProcesora','Grandis 2',170,'SilentiumPC'),(32,'ChlodzeniaProcesora','Dark Rock 4',253,'be quiet!'),(33,'ChlodzeniaProcesora','Wraith Ripper ARGB',530,'Cooler Master'),(34,'ChlodzeniaProcesora','H100i Platinum',557,'Corsair'),(35,'ChlodzeniaProcesora','Silent Loop 360mm',639,'be quiet!'),(36,'DyskiTwarde','MX500',300,'crucial'),(37,'DyskiTwarde','P1 500GB M.2 PCIe x4 NVMe',310,'crucial'),(38,'DyskiTwarde','BarraCuda 1TB 6Gb/s SATA',170,'Seagate'),(39,'DyskiTwarde','Blue Western Digital',163,'Western Digital'),(40,'DyskiTwarde','860 QVO',520,'Samsung'),(41,'Laptopy','Vivobook Pro 15 N580GD',4200,'Asus'),(42,'Laptopy','V330-15',3100,'Lenovo'),(43,'Laptopy','Pavilion 15',3000,'HP'),(44,'Laptopy','P65',9000,'MSI '),(45,'Laptopy','MacBook Pro',14000,'Apple'),(46,'Antywirusy','Antivirus Basic',59,'Norton'),(47,'Antywirusy','Anti-Virus',55,'Kaspersky '),(48,'Antywirusy','NOD32 Antivirus',119,'Eset '),(49,'Antywirusy','Internet Security 2019',49,'McAfee '),(50,'Antywirusy','Family Pack 2019',140,'Bitdefender'),(51,'ProgramyBiurowe','Office 2019 Standard',350,'Microsoft'),(52,'ProgramyBiurowe','Office 2019 Home & Business',1100,'Microsoft'),(53,'ProgramyBiurowe','Office 365 Personal',300,'Microsoft'),(54,'ProgramyBiurowe','Office 365 Business',480,'Microsoft'),(55,'ProgramyBiurowe','Office 365 Home',400,'Microsoft'),(56,'SystemyOperacyjne','Windows 10 Home PL 32/64bit',550,'Microsoft'),(57,'SystemyOperacyjne','Windows 10 PRO PL 64bit',630,'Microsoft'),(58,'SystemyOperacyjne','Parallels Desktop 14 Mac',400,'Apple '),(59,'Drukarki','Samsung Xpress SL-M2026W',290,'HP '),(60,'Drukarki','LaserJet Pro M15w',280,'HP'),(61,'Drukarki','HL-L2352DW',400,'Brother '),(62,'Drukarki','WorkForce WF-7210DTW',750,'Epson '),(63,'Drukarki','Color LaserJet Pro M254dw',940,'HP'),(64,'Klawiatury','KB216-B QuietKey',55,'Dell '),(65,'Klawiatury','ROG Sagaris GK100',150,'ASUS '),(66,'Klawiatury','Corded Keyboard K280e',90,'Logitech '),(67,'Klawiatury','Vigor GK70 TKL (Cherry MX RED - RGB)',650,'MSI'),(68,'Klawiatury','Bluetooth Keyboard K380',180,'Logitech '),(69,'Monitory','Nitro VG240YBMIIX',550,'Acer '),(70,'Monitory','29UM69G',890,'LG '),(71,'Monitory','S24F356FHUX',500,'Samsung '),(72,'Monitory','P2419H',730,'Dell '),(73,'Monitory','24V2Q',510,'AOC '),(74,'Myszki','MS116',35,'Dell '),(75,'Myszki','WT465',59,'ASUS '),(76,'Myszki','Rival 110',120,'SteelSeries '),(77,'Myszki','G102',100,'Logitech '),(78,'Myszki','Bloody V8m',70,'A4Tech '),(79,NULL,NULL,NULL,NULL);
/*!40000 ALTER TABLE `produkty` ENABLE KEYS */;
UNLOCK TABLES;

--
-- Table structure for table `user_groups`
--

DROP TABLE IF EXISTS `user_groups`;
/*!40101 SET @saved_cs_client     = @@character_set_client */;
 SET character_set_client = utf8mb4 ;
CREATE TABLE `user_groups` (
  `idOsoba` int(10) NOT NULL,
  `group_id` int(10) NOT NULL,
  PRIMARY KEY (`idOsoba`,`group_id`),
  KEY `fk_users_has_groups_groups1` (`group_id`),
  KEY `fk_users_has_groups_users` (`idOsoba`),
  CONSTRAINT `fk_groups` FOREIGN KEY (`group_id`) REFERENCES `groups` (`group_id`),
  CONSTRAINT `fk_users` FOREIGN KEY (`idOsoba`) REFERENCES `osoba` (`idOsoba`)
) ENGINE=InnoDB DEFAULT CHARSET=utf8mb4 COLLATE=utf8mb4_0900_ai_ci;
/*!40101 SET character_set_client = @saved_cs_client */;

--
-- Dumping data for table `user_groups`
--

LOCK TABLES `user_groups` WRITE;
/*!40000 ALTER TABLE `user_groups` DISABLE KEYS */;
INSERT INTO `user_groups` VALUES (3,1),(5,1),(4,2),(6,2),(7,2),(1,3),(2,3);
/*!40000 ALTER TABLE `user_groups` ENABLE KEYS */;
UNLOCK TABLES;

--
-- Temporary view structure for view `v_user_role`
--

DROP TABLE IF EXISTS `v_user_role`;
/*!50001 DROP VIEW IF EXISTS `v_user_role`*/;
SET @saved_cs_client     = @@character_set_client;
SET character_set_client = utf8mb4;
/*!50001 CREATE VIEW `v_user_role` AS SELECT 
 1 AS `Login`,
 1 AS `Haslo`,
 1 AS `group_name`*/;
SET character_set_client = @saved_cs_client;

--
-- Table structure for table `zamowienia_magazyn`
--

DROP TABLE IF EXISTS `zamowienia_magazyn`;
/*!40101 SET @saved_cs_client     = @@character_set_client */;
 SET character_set_client = utf8mb4 ;
CREATE TABLE `zamowienia_magazyn` (
  `idZamowienia_magazyn` int(11) NOT NULL,
  `Data_złożenia` varchar(15) DEFAULT NULL,
  `Data_realizacji` varchar(15) DEFAULT NULL,
  `Nazwa_zamowienia` varchar(45) DEFAULT NULL,
  `Status` varchar(45) DEFAULT NULL,
  `Faktura_idFaktura` int(11) NOT NULL,
  `Pracownik_idPracownik` int(11) NOT NULL,
  PRIMARY KEY (`idZamowienia_magazyn`),
  KEY `fk_Zamowienia_magazyn_Faktura1_idx` (`Faktura_idFaktura`),
  KEY `fk_Zamowienia_magazyn_Pracownik1_idx` (`Pracownik_idPracownik`),
  CONSTRAINT `fk_Zamowienia_magazyn_Faktura1` FOREIGN KEY (`Faktura_idFaktura`) REFERENCES `faktura` (`idFaktura`),
  CONSTRAINT `fk_Zamowienia_magazyn_Pracownik1` FOREIGN KEY (`Pracownik_idPracownik`) REFERENCES `pracownik` (`idPracownik`)
) ENGINE=InnoDB DEFAULT CHARSET=utf8mb4 COLLATE=utf8mb4_0900_ai_ci;
/*!40101 SET character_set_client = @saved_cs_client */;

--
-- Dumping data for table `zamowienia_magazyn`
--

LOCK TABLES `zamowienia_magazyn` WRITE;
/*!40000 ALTER TABLE `zamowienia_magazyn` DISABLE KEYS */;
INSERT INTO `zamowienia_magazyn` VALUES (1,'21-05-2019','30-05-2019','Zakup','Przetwarzanie platnosci',1,1),(2,'25-05-2019','29-05-2019','Uzupełnienie','Oczekiwanie na płatność',1,2);
/*!40000 ALTER TABLE `zamowienia_magazyn` ENABLE KEYS */;
UNLOCK TABLES;

--
-- Final view structure for view `v_user_role`
--

/*!50001 DROP VIEW IF EXISTS `v_user_role`*/;
/*!50001 SET @saved_cs_client          = @@character_set_client */;
/*!50001 SET @saved_cs_results         = @@character_set_results */;
/*!50001 SET @saved_col_connection     = @@collation_connection */;
/*!50001 SET character_set_client      = utf8mb4 */;
/*!50001 SET character_set_results     = utf8mb4 */;
/*!50001 SET collation_connection      = utf8mb4_0900_ai_ci */;
/*!50001 CREATE ALGORITHM=UNDEFINED */
/*!50013 DEFINER=`root`@`localhost` SQL SECURITY DEFINER */
/*!50001 VIEW `v_user_role` AS select `u`.`Login` AS `Login`,`u`.`Haslo` AS `Haslo`,`g`.`group_name` AS `group_name` from ((`user_groups` `ug` join `osoba` `u` on((`u`.`idOsoba` = `ug`.`idOsoba`))) join `groups` `g` on((`g`.`group_id` = `ug`.`group_id`))) */;
/*!50001 SET character_set_client      = @saved_cs_client */;
/*!50001 SET character_set_results     = @saved_cs_results */;
/*!50001 SET collation_connection      = @saved_col_connection */;
/*!40103 SET TIME_ZONE=@OLD_TIME_ZONE */;

/*!40101 SET SQL_MODE=@OLD_SQL_MODE */;
/*!40014 SET FOREIGN_KEY_CHECKS=@OLD_FOREIGN_KEY_CHECKS */;
/*!40014 SET UNIQUE_CHECKS=@OLD_UNIQUE_CHECKS */;
/*!40101 SET CHARACTER_SET_CLIENT=@OLD_CHARACTER_SET_CLIENT */;
/*!40101 SET CHARACTER_SET_RESULTS=@OLD_CHARACTER_SET_RESULTS */;
/*!40101 SET COLLATION_CONNECTION=@OLD_COLLATION_CONNECTION */;
/*!40111 SET SQL_NOTES=@OLD_SQL_NOTES */;

-- Dump completed on 2019-06-19  5:53:16
